"FREE, "
attention
 hi
 urgently
 instant
 friend
 hidden
 for you
 STOP
 off
 offer
 now
 hot
 amazing
 satisfaction
 act now
 apply now
 now only
 as seen
 as seen on TV
 avoid
 be your own boss
 work from home
 home based
 buy
 call now
 cash bonus
 free cash
 double your income
 earn $
 multi level marketing
 earn money
 make money
 get paid weekly
 serious cash
 earn cash
 extra income
 fast cash
 immediate payment
 your delayed payment
 funds management
 free access
 free gift
 free info
 information you requested
 check this out
 free offer
 financial freedom
 medicine
 soft tabs
 cialis
 xanax
 valium
 vicodin
 Viagra
 levitra
 herbal
 enlargement
 click here
 open now
 take a look
 read now
 don’t delete
 this is not spam
 collect
 compare
 consolidate
 $$$
 credit
 debt
 get out of debt
 eliminate debt
 lower your mortgage rate
 refinance
 lowest insurance rates
 life insurance
 loans
 dear friend
 discount
 lose weight
 online degree
 online marketing
 online pharmacy
 opportunity
 promised you
 search engine listings
 teen
 winner
 you’re a winner
 your family
 your email won
 please help me
 partnership request
 God bless you
 buy now
 job offer!!!
 limited time
 undisclosed recipient.
100%
e.x.t.r.a
CAPS
